Accuracy,Precision,Recall,F1-score,ROC-AUC
0.9224,0.15436241610738255,0.03417533432392273,0.05596107055961071,0.5885878939397053
